-- --------------------------------------------------------
-- Hôte :                        localhost
-- Version du serveur:           5.7.24 - MySQL Community Server (GPL)
-- SE du serveur:                Win64
-- HeidiSQL Version:             10.2.0.5599
-- --------------------------------------------------------

/*!40101 SET @OLD_CHARACTER_SET_CLIENT=@@CHARACTER_SET_CLIENT */;
/*!40101 SET NAMES utf8 */;
/*!50503 SET NAMES utf8mb4 */;
/*!40014 SET @OLD_FOREIGN_KEY_CHECKS=@@FOREIGN_KEY_CHECKS, FOREIGN_KEY_CHECKS=0 */;
/*!40101 SET @OLD_SQL_MODE=@@SQL_MODE, SQL_MODE='NO_AUTO_VALUE_ON_ZERO' */;


-- Listage de la structure de la base pour formapp
CREATE DATABASE IF NOT EXISTS `formapp` /*!40100 DEFAULT CHARACTER SET utf8 COLLATE utf8_unicode_ci */;
USE `formapp`;

-- Listage de la structure de la table formapp. agents
CREATE TABLE IF NOT EXISTS `agents` (
  `id` bigint(20) unsigned NOT NULL AUTO_INCREMENT,
  `mle` varchar(255) COLLATE utf8mb4_unicode_ci NOT NULL,
  `nom` varchar(255) COLLATE utf8mb4_unicode_ci NOT NULL,
  `prenom` varchar(255) COLLATE utf8mb4_unicode_ci NOT NULL,
  `affectation` varchar(255) COLLATE utf8mb4_unicode_ci NOT NULL,
  `diplome` varchar(255) COLLATE utf8mb4_unicode_ci NOT NULL,
  `observation` text COLLATE utf8mb4_unicode_ci,
  `created_at` timestamp NULL DEFAULT NULL,
  `updated_at` timestamp NULL DEFAULT NULL,
  PRIMARY KEY (`id`),
  UNIQUE KEY `agents_mle_unique` (`mle`)
) ENGINE=InnoDB AUTO_INCREMENT=381 DEFAULT CHARSET=utf8mb4 COLLATE=utf8mb4_unicode_ci;

-- Listage des données de la table formapp.agents : ~380 rows (environ)
/*!40000 ALTER TABLE `agents` DISABLE KEYS */;
INSERT INTO `agents` (`id`, `mle`, `nom`, `prenom`, `affectation`, `diplome`, `observation`, `created_at`, `updated_at`) VALUES
	(1, '15483', 'FASKA', 'EL HASSANE', 'SGRID', '', NULL, NULL, NULL),
	(2, '15263', 'BOUHLAL', 'MY ABDELLAH', 'SGRID', '', NULL, NULL, NULL),
	(3, '15304', 'BOUNNIT', 'ABDELAZIZ', 'SGRID', '', NULL, NULL, NULL),
	(4, '15278', 'LAKHILI', 'DRISS', 'SGRID', '', NULL, NULL, NULL),
	(5, '15668', 'NAJJARI', 'AHMED', 'SGRID', '', NULL, NULL, NULL),
	(6, '15629', 'IDMOUSSA', 'MOHAMED', 'SGRID', '', NULL, NULL, NULL),
	(7, '15335', 'KAMBARI', 'AHMED', 'SGRID', '', NULL, NULL, NULL),
	(8, '15646', 'ESBINI', 'ABDELHADI', 'SGRID', '', NULL, NULL, NULL),
	(9, '15272', 'ED-DAHI', 'KHALID', 'SGRID', '', NULL, NULL, NULL),
	(10, '15277', 'KOUIRAM', 'HAMID', 'SGRID', '', NULL, NULL, NULL),
	(11, '15768', 'BENSOUMANE', 'TAREQ', 'CHC', '', NULL, NULL, NULL),
	(12, '15753', 'CHOUITER', 'AHMED', 'SVOP', '', NULL, NULL, NULL),
	(13, '15760', 'EL FIRRI', 'FOUAD', 'CHC', '', NULL, NULL, NULL),
	(14, '15758', 'TAIBI', 'ABOUBAKR', 'CSI', '', NULL, NULL, NULL),
	(15, '15765', 'MOHSSINE', 'ILHAM', 'SM', '', NULL, NULL, NULL),
	(16, '15253', 'CHALOUI', 'HASSAN', 'SM', '', NULL, NULL, NULL),
	(17, '15716', 'EL KADIRI', 'OMAR', 'SAF', '', NULL, NULL, NULL),
	(18, '15088', 'EL MOUMENE', 'ABDELHADI', 'SAF', '', NULL, NULL, NULL),
	(19, '15333', 'CHAARI', 'ABDERRAZZAK', 'SPP', '', NULL, NULL, NULL),
	(20, '15499', 'NAJNAHI', 'MOHAMED', 'SPP', '', NULL, NULL, NULL),
	(21, '15565', 'EL YADMANI', 'MOHAMMED', 'CSI', '', NULL, NULL, NULL),
	(22, '15315', 'TADLAOUI', 'FOUAD', 'CSI', '', NULL, NULL, NULL),
	(23, '15741', 'ERRAG', 'MOHAMED', 'SPA', '', NULL, NULL, NULL),
	(24, '15750', 'ELMOUTAOUKKI', 'NADA', 'CAI', '', NULL, NULL, NULL),
	(25, '15748', 'KHALDI', 'ABDERRAHIM', 'SEQ', '', NULL, NULL, NULL),
	(26, '15732', 'OUSTOU', 'BARI', 'SEQ', '', NULL, NULL, NULL),
	(27, '15736', 'AKDIM', 'YOUSSEF', 'SEL', '', NULL, NULL, NULL),
	(28, '15734', 'BELKAAD', 'AISSAM', 'TP', '', NULL, NULL, NULL),
	(29, '15727', 'EL KHALFI', 'ABDEL-ILAH', 'TP', '', NULL, NULL, NULL),
	(30, '15470', 'EL AMRI', 'ABDELFATTAH', 'SGRID', '', NULL, NULL, NULL),
	(31, '15681', 'BENOMAR', 'ABDELLALI', 'SVOP', '', NULL, NULL, NULL),
	(32, '15035', 'CHARROUK', 'BOUJAMA', 'SEQ', '', NULL, NULL, NULL),
	(33, '15658', 'KANANE', 'AZIZ', 'SPA', '', NULL, NULL, NULL),
	(34, '15222', 'EL MAZOUZI', 'MOHAMED', 'SEQ', '', NULL, NULL, NULL),
	(35, '15531', 'EL OIRDI', 'RACHID', 'SPP', '', NULL, NULL, NULL),
	(36, '15201', 'DACHI', 'ABDELAZIZ', 'SVOP', '', NULL, NULL, NULL),
	(37, '15301', 'BENHIDA', 'ABDERRAHMAN', 'SEQ', '', NULL, NULL, NULL),
	(38, '15390', 'BENDAMA', 'MARIA', 'SAF', '', NULL, NULL, NULL),
	(39, '15190', 'AJEDI', 'NAIMA', 'SAF', '', NULL, NULL, NULL),
	(40, '15186', 'AIT BRIK', 'NAJIA', 'SPA', '', NULL, NULL, NULL),
	(41, '15332', 'AMGHAR', 'HASSAN', 'SGRID', '', NULL, NULL, NULL),
	(42, '15725', 'BAOUBIH', 'YASSINE', 'SPP', '', NULL, NULL, NULL),
	(43, '15724', 'MARZOUQ', 'KAMAL', 'SGRID', '', NULL, NULL, NULL),
	(44, '15721', 'EL AABD', 'SAID', 'SPA', '', NULL, NULL, NULL),
	(45, '15719', 'MRANI', 'YOUSSEF', 'SGRID', '', NULL, NULL, NULL),
	(46, '15055', 'SOULLANE', 'FATIMA', 'GU', '', NULL, NULL, NULL),
	(47, '15460', 'KTANI', 'MOHAMED NAJIB', 'SGRID', '', NULL, NULL, NULL),
	(48, '15715', 'NAMSI', 'YOUSSEF', 'SGRID', '', NULL, NULL, NULL),
	(49, '15474', 'EL HANNOUNI', 'ABDELHAFID', 'SGRID', '', NULL, NULL, NULL),
	(50, '15610', 'EL BEGGAR', 'REHAL', 'SM', '', NULL, NULL, NULL),
	(51, '15555', 'TYTI', 'MUSTAPHA', 'SGRID', '', NULL, NULL, NULL),
	(52, '15316', 'BANQOUR', 'EL HOUSSAIN', 'SM', '', NULL, NULL, NULL),
	(53, '15490', 'BENMOUSSA', 'ABDELMAJID', 'SPA', '', NULL, NULL, NULL),
	(54, '15633', 'NAJIB', 'MAJID', 'SGRID', '', NULL, NULL, NULL),
	(55, '15532', 'EL KIHAL', 'MUSTAPHA', 'SAF', '', NULL, NULL, NULL),
	(56, '15713', 'ALAHIANE', 'KARIM', 'SEQ', '', NULL, NULL, NULL),
	(57, '15714', 'TAKI', 'ABDALLAH', 'SGRID', '', NULL, NULL, NULL),
	(58, '15710', 'SERRARI', 'ISSAM', 'SEQ', '', NULL, NULL, NULL),
	(59, '15537', 'BOURICH', 'MUSTAPHA', 'SGRID', '', NULL, NULL, NULL),
	(60, '15676', 'AIT EL KHADIR', 'LAHCEN', 'SGRID', '', NULL, NULL, NULL),
	(61, '15211', 'OMARI', 'HAKIM', 'SGRID', '', NULL, NULL, NULL),
	(62, '15688', 'ZARIK', 'LAMIA', 'TP', '', NULL, NULL, NULL),
	(63, '15584', 'EL YARI', 'MOHAMED', 'CKELAA', '', NULL, NULL, NULL),
	(64, '15287', 'HMOUDOU', 'MUSTAPHA', 'SPP', '', NULL, NULL, NULL),
	(65, '15282', 'MAROUAH', 'ABDELAZIZ', 'SPP', '', NULL, NULL, NULL),
	(66, '15707', 'ABATOUR', 'MUSTAPHA', 'SAF', '', NULL, NULL, '2020-06-02 11:16:00'),
	(67, '15498', 'MOURCHID', 'MOHAMED', 'TP', '', NULL, NULL, NULL),
	(68, '15616', 'ALI EL HIMMA', 'AOUATIF', 'SEQ', '', NULL, NULL, NULL),
	(69, '15510', 'HADDOU', 'YAHIA', 'SPP', '', NULL, NULL, NULL),
	(70, '15464', 'JLAIDI', 'HASSAN', 'SPP', '', NULL, NULL, NULL),
	(71, '15706', 'BOULATAR', 'KHADIJA', 'SPA', '', NULL, NULL, NULL),
	(72, '15705', 'ALAOUI BALRHITI', 'MOUAD', 'SPP', '', NULL, NULL, NULL),
	(73, '15704', 'KAMAL', 'HOUSSAM', 'SPP', '', NULL, NULL, NULL),
	(74, '15036', 'FAKHRANE', 'AHMED', 'SEQ', '', NULL, NULL, NULL),
	(75, '15216', 'BENHJIB', 'ABDELHADI', 'SGRID', '', NULL, NULL, NULL),
	(76, '15506', 'BENCHAGRA', 'SALAH', 'SGRID', '', NULL, NULL, NULL),
	(77, '15062', 'EL GOURRAMI', 'ABDELAZIZ', 'SGRID', '', NULL, NULL, NULL),
	(78, '15605', 'NADIFI', 'EL ALAMI', 'SGRID', '', NULL, NULL, NULL),
	(79, '15547', 'QOSTASSI', 'OMAR', 'SPP', '', NULL, NULL, NULL),
	(80, '15481', 'ECH-CHAK', 'ABDERRAHIM', 'SGRID', '', NULL, NULL, NULL),
	(81, '15503', 'BENJELLOUN HARZIMI', 'FAICAL', 'SPP', '', NULL, NULL, NULL),
	(82, '15465', 'AIT BENADDI', 'ABDELLATIF', 'SGRID', '', NULL, NULL, NULL),
	(83, '14967', 'AGOULIF', 'ABDELKRIM', 'SM', '', NULL, NULL, NULL),
	(84, '15106', 'AALIANE', 'EL HOUSSAINE', 'SPA', '', NULL, NULL, NULL),
	(85, '15391', 'AIT BOULBAROD', 'FATIHA', 'DOH', '', NULL, NULL, NULL),
	(86, '15726', 'EL GHALI', 'OMAR', 'SEQ', '', NULL, NULL, NULL),
	(87, '14873', 'DAOUDI', 'MIMOUNE', 'SPA', '', NULL, NULL, NULL),
	(88, '15717', 'AMAHROQ', 'OTHMANE', 'SEQ', '', NULL, NULL, NULL),
	(89, '15325', 'HOUMMAD', 'AZIZ', 'SGRID', '', NULL, NULL, NULL),
	(90, '15444', 'ARIBA', 'ZAKIA', 'CKELAA', '', NULL, NULL, NULL),
	(91, '15218', 'SAHEB-EDDINE', 'AHMED', 'SGRID', '', NULL, NULL, NULL),
	(92, '15241', 'BENABDESLAM', 'RACHID', 'SGRID', '', NULL, NULL, NULL),
	(93, '15482', 'OUCHEIKH', 'SAID', 'SGRID', '', NULL, NULL, NULL),
	(94, '15515', 'OUAHIDI', 'SALAH EDDINE', 'SGRID', '', NULL, NULL, NULL),
	(95, '15220', 'AHTICHE', 'HAMID', 'SGRID', '', NULL, NULL, NULL),
	(96, '15207', 'AIT OUSARRAH', 'OMAR', 'SGRID', '', NULL, NULL, NULL),
	(97, '15150', 'SOFIANE', 'ABDELHADI', 'SGRID', '', NULL, NULL, NULL),
	(98, '15270', 'AQOUACH', 'ABDELLAH', 'SGRID', '', NULL, NULL, NULL),
	(99, '15415', 'CHERKAOUI IKBAL', 'MOHAMED', 'SPA', '', NULL, NULL, NULL),
	(100, '15343', 'EL BIYED', 'NOUREDDINE', 'SVOP', '', NULL, NULL, NULL),
	(101, '15657', 'NEJDI', 'IMAD', 'SPA', '', NULL, NULL, NULL),
	(102, '15693', 'BENYAICH', 'OMAR', 'SAF', '', NULL, NULL, NULL),
	(103, '15589', 'EL MATRAG', 'ABDERRAHIM', 'SGRID', '', NULL, NULL, NULL),
	(104, '15324', 'HAJIBI', 'MUSTAPHA', 'SGRID', '', NULL, NULL, NULL),
	(105, '15394', 'NATI', 'MY AHMED', 'SEL', '', NULL, NULL, NULL),
	(106, '15516', 'YOUSSOUFI', 'NOUREDDINE', 'SGRID', '', NULL, NULL, NULL),
	(107, '15622', 'QORNISSI', 'HASSAN', 'SGRID', '', NULL, NULL, NULL),
	(108, '15687', 'ESSHAIMI', 'MOUHSINE', 'SM', '', NULL, NULL, NULL),
	(109, '15708', 'BOUSRAREF', 'ABDELAZIZ', 'DOH', '', NULL, NULL, NULL),
	(110, '15400', 'OSSOR', 'SAADIA', 'SVOP', '', NULL, NULL, NULL),
	(111, '15534', 'LAHMER', 'SAID', 'SPP', '', NULL, NULL, NULL),
	(112, '15132', 'KHORSA', 'ABDELHAK', 'SAF', '', NULL, NULL, NULL),
	(113, '15702', 'ECH-CHATOUI', 'ABDELAAZIZ', 'SAF', '', NULL, NULL, NULL),
	(114, '15669', 'AIT BAISSA', 'ABDELHAI', 'SGRID', '', NULL, NULL, NULL),
	(115, '15317', 'EL HAJJI', 'AHMED', 'DOH', '', NULL, NULL, NULL),
	(116, '15227', 'SAMIR', 'ABDELILAH', 'SEQ', '', NULL, NULL, NULL),
	(117, '15621', 'HIMERE', 'EL MAHJOUB', 'CHC', '', NULL, NULL, NULL),
	(118, '15425', 'HANAFI', 'EL MUSTAPHA', 'SGRID', '', NULL, NULL, NULL),
	(119, '15701', 'EL MAAROUFY', 'MOHAMED', 'SGRID', '', NULL, NULL, NULL),
	(120, '15696', 'SIF', 'AIMAD', 'SEQ', '', NULL, NULL, NULL),
	(121, '15319', 'RQUIQ', 'MOHAMED', 'SAF', '', NULL, NULL, NULL),
	(122, '15204', 'SBAI', 'ABDELHAK', 'SEQ', '', NULL, NULL, NULL),
	(123, '15689', 'BRAIGUE', 'MOHAMED', 'SPP', '', NULL, NULL, NULL),
	(124, '15666', 'SALAMI', 'AHMED', 'SVOP', '', NULL, NULL, NULL),
	(125, '15454', 'ZAMAME', 'AHMED', 'SAF', '', NULL, NULL, NULL),
	(126, '15636', 'BAI', 'LAYACHI', 'SGRID', '', NULL, NULL, NULL),
	(127, '15672', 'EL MZIOUEK', 'ABDERRAHIM', 'SVOP', '', NULL, NULL, NULL),
	(128, '15674', 'RHALLALI', 'HAMID', 'SGRID', '', NULL, NULL, NULL),
	(129, '15323', 'SEINAMI', 'ABDESSADEQ', 'SGRID', '', NULL, NULL, NULL),
	(130, '15558', 'SAHMOUDA', 'ABDELHADI', 'SGRID', '', NULL, NULL, NULL),
	(131, '15626', 'BOUJEMAA', 'OMAR', 'SGRID', '', NULL, NULL, NULL),
	(132, '15497', 'HOUMAINE', 'ABDELJALIL', 'SGRID', '', NULL, NULL, NULL),
	(133, '15407', 'BSIR', 'FATIMA', 'SEQ', '', NULL, NULL, NULL),
	(134, '15613', 'GANNOUJ', 'BOUJEMAA', 'SM', '', NULL, NULL, NULL),
	(135, '15586', 'TAHTAOUI', 'HASSAN', 'SGRID', '', NULL, NULL, NULL),
	(136, '15627', 'EL KOBAL', 'ABDERRAHIM', 'SGRID', '', NULL, NULL, NULL),
	(137, '15625', 'BOUIMKLIOUINE', 'MOHAMED', 'SGRID', '', NULL, NULL, NULL),
	(138, '15619', 'CHENCHOUR', 'HASSAN', 'SGRID', '', NULL, NULL, NULL),
	(139, '15618', 'AMRAOUI', 'BRAHIM', 'SGRID', '', NULL, NULL, NULL),
	(140, '15620', 'EL MOKKEN', 'EL MUSTAPHA', 'SGRID', '', NULL, NULL, NULL),
	(141, '10954', 'DARGAL', 'ABDELKRIM', 'SPP', '', NULL, NULL, NULL),
	(142, '15664', 'SOLO', 'FAIZA', 'SEQ', '', NULL, NULL, NULL),
	(143, '15691', 'AITRAF', 'YOUSSEF', 'GU', '', NULL, NULL, NULL),
	(144, '15661', 'AIT BAJJA', 'TARIK', 'DOH', '', NULL, NULL, NULL),
	(145, '15321', 'EL HIDOUDI', 'ABDERRAHMAN', 'SGRID', '', NULL, NULL, NULL),
	(146, '15509', 'GOUGRI', 'EL MUSTAPHA', 'SGRID', '', NULL, NULL, NULL),
	(147, '15700', 'SETTOU', 'MOHAMMED', 'SEQ', '', NULL, NULL, NULL),
	(148, '15699', 'RMICHI', 'OUALID', 'SPA', '', NULL, NULL, NULL),
	(149, '15697', 'EL BACHIRI', 'TARIK', 'SEQ', '', NULL, NULL, NULL),
	(150, '15342', 'QUAZBARY', 'BOUCHRA', 'TP', '', NULL, NULL, NULL),
	(151, '15648', 'ZIANI', 'AHMED', 'SGRID', '', NULL, NULL, NULL),
	(152, '15205', 'FARISSI', 'ABDELLAH', 'SGRID', '', NULL, NULL, NULL),
	(153, '15312', 'OUTADA', 'ABDELKEBIR', 'SEQ', '', NULL, NULL, NULL),
	(154, '15519', 'CHARROUD', 'NAJIB', 'SGRID', '', NULL, NULL, NULL),
	(155, '15274', 'LAASRI', 'ABDELMOULA', 'SGRID', '', NULL, NULL, NULL),
	(156, '15690', 'LAASSAKRI', 'AMAL', 'TP', '', NULL, NULL, NULL),
	(157, '15667', 'AMIMER', 'MILOUD', 'SVOP', '', NULL, NULL, NULL),
	(158, '15594', 'ROCHDANE', 'KHALID', 'SGRID', '', NULL, NULL, NULL),
	(159, '15383', 'KHAYIBBAT', 'FATIMA', 'SAF', '', NULL, NULL, NULL),
	(160, '15294', 'RAMZI', 'MOHAMED', 'SEL', '', NULL, NULL, NULL),
	(161, '15684', 'FADI', 'MOULAY ELMAHDI', 'SPP', '', NULL, NULL, NULL),
	(162, '15685', 'SADDIK', 'SAMIA', 'SEL', '', NULL, NULL, NULL),
	(163, '15403', 'AIT BEN LMADANI', 'MOULAY LHOUSSAIN', 'SGRID', '', NULL, NULL, NULL),
	(164, '15683', 'ESSAFY', 'MOHAMED ERRACHID', 'SEL', '', NULL, NULL, NULL),
	(165, '15397', 'EL OIRDI', 'FAIDA', 'TP', '', NULL, NULL, NULL),
	(166, '15523', 'GHARNATI', 'EL HASSANIA', 'SPA', '', NULL, NULL, NULL),
	(167, '15540', 'MAHBOUBI', 'ABDELOUAHAD', 'SGRID', '', NULL, NULL, NULL),
	(168, '15492', 'ATAFI', 'SAMIRA', 'SPP', '', NULL, NULL, NULL),
	(169, '15402', 'EL M HAMDI', 'BOUCHRA', 'SPP', '', NULL, NULL, NULL),
	(170, '15313', 'BAHJA', 'ABDELKARIM', 'SPP', '', NULL, NULL, NULL),
	(171, '15409', 'RACHDI', 'NAIMA', 'SPP', '', NULL, NULL, NULL),
	(172, '15404', 'TAGHBALT', 'M\'HAMED', 'SGRID', '', NULL, NULL, NULL),
	(173, '15651', 'EL MANAF', 'ABDELLATIF', 'SGRID', '', NULL, NULL, NULL),
	(174, '15514', 'MOURCHID', 'ABDELLATIF', 'SGRID', '', NULL, NULL, NULL),
	(175, '15644', 'BOULAAJOULI', 'ABDELHADI', 'SGRID', '', NULL, NULL, NULL),
	(176, '15331', 'SINAMI', 'AHMED', 'SPP', '', NULL, NULL, NULL),
	(177, '15247', 'LHAROUFIA', 'EL ARBI', 'TP', '', NULL, NULL, NULL),
	(178, '15582', 'HAMDANI', 'ABDELAZIZ', 'DOH', '', NULL, NULL, NULL),
	(179, '15645', 'EL HALLANI', 'NOUREDDINE', 'SGRID', '', NULL, NULL, NULL),
	(180, '15237', 'SELLAMI', 'DRISS', 'SGRID', '', NULL, NULL, NULL),
	(181, '15311', 'EL MAAROUF', 'ZAKIA', 'SPP', '', NULL, NULL, NULL),
	(182, '15285', 'ZEGUENDRY', 'ABDELKABIR', 'TP', '', NULL, NULL, NULL),
	(183, '15643', 'AYAD', 'KHALIFA', 'SGRID', '', NULL, NULL, NULL),
	(184, '15233', 'AIT HAIDA', 'ABDELOUAHED', 'SPP', '', NULL, NULL, NULL),
	(185, '15299', 'FADILI', 'FOUZIA', 'SEQ', '', NULL, NULL, NULL),
	(186, '15229', 'EL MAZOUNI', 'SABAH', 'DOH', '', NULL, NULL, NULL),
	(187, '15392', 'EL MOUDNIA', 'MARIEM', 'DOH', '', NULL, NULL, NULL),
	(188, '15070', 'SADDOUNE', 'ABDERRAHIM', 'SGRID', '', NULL, NULL, NULL),
	(189, '15779', 'BOUYEZGARNE', 'LHOUSSAINE', 'SGRID', '', NULL, NULL, NULL),
	(190, '15778', 'AIT CADIR', 'AIMAD', 'SGRID', '', NULL, NULL, NULL),
	(191, '15777', 'LAMIRI', 'FATIMA-EZZAHRA', 'TP', '', NULL, NULL, NULL),
	(192, '15776', 'BOUMAIZ', 'AYOUB', 'SPP', '', NULL, NULL, NULL),
	(193, '15775', 'ALIAT', 'ANASS', 'CAM', '', NULL, NULL, NULL),
	(194, '15774', 'HAFSSI', 'MOUNIA', 'CAM', '', NULL, NULL, NULL),
	(195, '15773', 'IDANE', 'SAADIA', 'SPA', '', NULL, NULL, NULL),
	(196, '15723', 'ELALLAOUI', 'HASSANE', 'SGRID', '', NULL, NULL, NULL),
	(197, '15508', 'GHALI', 'MOHAMMED', 'SGRID', '', NULL, NULL, NULL),
	(198, '15427', 'ERRAMI', 'EL MUSTAPHA', 'SGRID', '', NULL, NULL, NULL),
	(199, '15542', 'ALAOUI', 'MOULAY HACHEM', 'SGRID', '', NULL, NULL, NULL),
	(200, '15517', 'HALOUM', 'DRISS', 'SGRID', '', NULL, NULL, NULL),
	(201, '15522', 'EL MBARKI', 'MOHAMMED', 'SGRID', '', NULL, NULL, NULL),
	(202, '15269', 'QABBAJ', 'ABDELHAMID', 'SPA', '', NULL, NULL, NULL),
	(203, '15743', 'BENTAYEB', 'MUSTAPHA', 'SGRID', '', NULL, NULL, NULL),
	(204, '15539', 'BOUJAMAOUI', 'RIDOUANE', 'SGRID', '', NULL, NULL, NULL),
	(205, '15766', 'GHRIB', 'MOHAMED AMINE', 'SGRID', '', NULL, NULL, NULL),
	(206, '15718', 'SERRAJ', 'MOHAMED', 'SGRID', '', NULL, NULL, NULL),
	(207, '15064', 'EN-NAJI', 'MOHAMMED', 'SGRID', '', NULL, NULL, NULL),
	(208, '15257', 'JNIKHER', 'ABDERRAHMAN', 'SGRID', '', NULL, NULL, NULL),
	(209, '15399', 'KALALI', 'EL MOSTAFA', 'SGRID', '', NULL, NULL, NULL),
	(210, '15268', 'MOUTAOUAKKIL', 'HASSAN', 'SM', '', NULL, NULL, NULL),
	(211, '15308', 'ALLAY', 'AYOUB', 'SM', '', NULL, NULL, NULL),
	(212, '15730', 'OUZROUR', 'FOUZIA', 'SM', '', NULL, NULL, NULL),
	(213, '15576', 'SAMIR', 'ANASS', 'SM', '', NULL, NULL, NULL),
	(214, '15518', 'ATTA', 'M\'BAREK', 'SM', '', NULL, NULL, NULL),
	(215, '15251', 'ALAOUI ISMAILI', 'MY RACHID', 'SM', '', NULL, NULL, NULL),
	(216, '15564', 'EL GHADOUINI', 'ABDELAAZIZ', 'SM', '', NULL, NULL, NULL),
	(217, '15330', 'LAGHRISSI', 'MOHAMED', 'SM', '', NULL, NULL, NULL),
	(218, '15284', 'TAHIRI', 'MUSTAPHA', 'SGRID', '', NULL, NULL, NULL),
	(219, '15642', 'EL MALKI', 'MOHAMMED', 'SGRID', '', NULL, NULL, NULL),
	(220, '15596', 'EL FAHLI', 'LARABI', 'SGRID', '', NULL, NULL, NULL),
	(221, '15623', 'ATTOUCH', 'ABDELFETTAH', 'SGRID', '', NULL, NULL, NULL),
	(222, '15647', 'EL HILALI', 'HAJJAJ', 'SGRID', '', NULL, NULL, NULL),
	(223, '15756', 'MEZZANE', 'SOUFIYAN', 'SGRID', '', NULL, NULL, NULL),
	(224, '15729', 'EL YAAGOUBI', 'REDOUANE', 'SAF', '', NULL, NULL, NULL),
	(225, '15236', 'DOUELFIKAR', 'MOSTAPHA', 'SGRID', '', NULL, NULL, NULL),
	(226, '15671', 'AIT LACHGUER', 'ABDELAZIZ', 'SGRID', '', NULL, NULL, NULL),
	(227, '15538', 'KHAFIF', 'EL MUSTAPHA', 'SGRID', '', NULL, NULL, NULL),
	(228, '15780', 'EL ASSIMI', 'ABDERRAHIM', 'SEQ', '', NULL, NULL, NULL),
	(229, '15463', 'MAJDI', 'MOKHTAR', 'SGRID', '', NULL, NULL, NULL),
	(230, '15496', 'ENNACHCHACH', 'MOHAMMED', 'SGRID', '', NULL, NULL, NULL),
	(231, '15223', 'ECHBINATE', 'ABDELILAH', 'SGRID', '', NULL, NULL, NULL),
	(232, '15209', 'GUIRCHAN', 'HASSAN', 'SGRID', '', NULL, NULL, NULL),
	(233, '15494', 'AGORRAM', 'NOUREDDINE', 'SGRID', '', NULL, NULL, NULL),
	(234, '15745', 'EL FORKANI', 'ISMAIL', 'SGRID', '', NULL, NULL, NULL),
	(235, '15535', 'BENDAOUD', 'BADREDDINE', 'SGRID', '', NULL, NULL, NULL),
	(236, '15541', 'YOUSSFI', 'MOHAMED', 'SGRID', '', NULL, NULL, NULL),
	(237, '15747', 'ERRAISS', 'HICHAM', 'SGRID', '', NULL, NULL, NULL),
	(238, '15772', 'EL OUAFI', 'IMANE', 'GU', '', NULL, NULL, NULL),
	(239, '15771', 'BELABHIR', 'AFAF', 'SVOP', '', NULL, NULL, NULL),
	(240, '15770', 'LAMGHARI', 'SALMA', 'SPP', '', NULL, NULL, NULL),
	(241, '15769', 'LEMGHARI', 'MAHA', 'SGRID', '', NULL, NULL, NULL),
	(242, '15556', 'LAMZOUKI', 'ABDELLAH', 'SM', '', NULL, NULL, NULL),
	(243, '15533', 'BOUSSAAD', 'RACHID', 'SGRID', '', NULL, NULL, NULL),
	(244, '15764', 'AMENTAG', 'JAMAL', 'SGRID', '', NULL, NULL, NULL),
	(245, '15631', 'LAHMIDI', 'AHMED', 'SGRID', '', NULL, NULL, NULL),
	(246, '15628', 'EL GUADROURI', 'LAHCEN', 'SAF', '', NULL, NULL, NULL),
	(247, '15059', 'AABARI', 'MAJID', 'SGRID', '', NULL, NULL, NULL),
	(248, '15731', 'DARFAOUI', 'YASSINE', 'SGRID', '', NULL, NULL, NULL),
	(249, '15206', 'GHAYOUR', 'ABDELMJID', 'SGRID', '', NULL, NULL, NULL),
	(250, '15254', 'HADDADI', 'ANOUAR', 'SPP', '', NULL, NULL, NULL),
	(251, '15630', 'LAGHZAL', 'EL MUSTAPHA', 'SGRID', '', NULL, NULL, NULL),
	(252, '15559', 'BENTAOUDI', 'ABDELJALIL', 'SM', '', NULL, NULL, NULL),
	(253, '15337', 'DAKHAMA', 'ABDELHADI', 'SAF', '', NULL, NULL, NULL),
	(254, '15230', 'OUIK', 'BRAHIM', 'SM', '', NULL, NULL, NULL),
	(255, '15632', 'LFARKANI', 'AHMED', 'SAF', '', NULL, NULL, NULL),
	(256, '15742', 'BAKHALK', 'MOHAMED', 'SGRID', '', NULL, NULL, NULL),
	(257, '15459', 'HOUSNI', 'MY HICHAM', 'SGRID', '', NULL, NULL, NULL),
	(258, '15549', 'SLIMANI', 'ADIL', 'SGRID', '', NULL, NULL, NULL),
	(259, '15744', 'EL BALYOUTI', 'ADNANE', 'SGRID', '', NULL, NULL, NULL),
	(260, '15545', 'OUZZIR', 'KARIM', 'SPA', '', NULL, NULL, NULL),
	(261, '15562', 'OULED LARBI', 'ABDELGHANI', 'SAF', '', NULL, NULL, NULL),
	(262, '15739', 'EL ISMAILI', 'HOUSSAM', 'GU', '', NULL, NULL, NULL),
	(263, '15680', 'EL YAAGOUBI', 'BADR', 'SVOP', '', NULL, NULL, NULL),
	(264, '15546', 'BENMIMOUN', 'THAMI', 'SGRID', '', NULL, NULL, NULL),
	(265, '15226', 'EL MAHBOUL', 'BRAHIM', 'CHC', '', NULL, NULL, NULL),
	(266, '15248', 'MARJIA', 'HASSAN', 'CHC', '', NULL, NULL, NULL),
	(267, '15653', 'TAHIRI', 'ABDELLAZIZ', 'SGRID', '', NULL, NULL, NULL),
	(268, '15611', 'EL GADDA', 'ABDESSADEK', 'SGRID', '', NULL, NULL, NULL),
	(269, '15561', 'EL MATRAG', 'NOUREDDINE', 'SGRID', '', NULL, NULL, NULL),
	(270, '15003', 'EL GHANDOUR', 'HASSAN', 'SM', '', NULL, NULL, NULL),
	(271, '15232', 'CHAFIK', 'ASMAE', 'CAM', '', NULL, NULL, NULL),
	(272, '15735', 'ESBAY', 'AMINE', 'SGRID', '', NULL, NULL, NULL),
	(273, '15692', 'FAHMI', 'TARIQ', 'SM', '', NULL, NULL, NULL),
	(274, '15577', 'SAIB', 'SAMI', 'SAF', '', NULL, NULL, NULL),
	(275, '15267', 'ETTAGHI', 'EL MOUNTASSIR', 'SAF', '', NULL, NULL, NULL),
	(276, '15720', 'BOUGLASSE', 'MOHAMED', 'SAF', '', NULL, NULL, NULL),
	(277, '15711', 'CHARAFI', 'SOUFYANE', 'SGRID', '', NULL, NULL, NULL),
	(278, '15709', 'AIT HAMMOU', 'MOHAMED', 'CAM', '', NULL, NULL, NULL),
	(279, '15733', 'AMSLI', 'KHAOULA', 'CAM', '', NULL, NULL, NULL),
	(280, '15408', 'NOURO', 'FATIMA', 'CAM', '', NULL, NULL, NULL),
	(281, '15328', 'DRIBINA', 'YOUSSEF', 'CAM', '', NULL, NULL, NULL),
	(282, '15656', 'JEANDIRE', 'AMINE', 'CAM', '', NULL, NULL, NULL),
	(283, '15677', 'EL GUADROURI', 'MUSTAPHA', 'SAF', '', NULL, NULL, NULL),
	(284, '15678', 'LAGHZAL', 'HASSAN', 'SAF', '', NULL, NULL, NULL),
	(285, '15670', 'OUKARROUM', 'MOHAMMAD', 'SAF', '', NULL, NULL, NULL),
	(286, '15405', 'BAHRIR', 'MOHAMEDLARBI', 'CKELAA', '', NULL, NULL, NULL),
	(287, '15763', 'MAKHDOUFI', 'SOUFIANE', 'SEQ', '', NULL, NULL, NULL),
	(288, '15759', 'IKHFAD', 'EL MAHFOUD', 'SPA', '', NULL, NULL, NULL),
	(289, '15762', 'FARISSI', 'HAMZA', 'CHC', '', NULL, NULL, NULL),
	(290, '15757', 'EL-AMRANI', 'YASSINE', 'SAF', '', NULL, NULL, NULL),
	(291, '15767', 'SANDE', 'HAMZA', 'CKELAA', '', NULL, NULL, NULL),
	(292, '15751', 'OUJANA', 'MOHAMED', 'SEQ', '', NULL, NULL, NULL),
	(293, '15752', 'CHERQAOUI', 'ABDELILLAH', 'SGRID', '', NULL, NULL, NULL),
	(294, '15754', 'BELAHCEN', 'FADWA', 'CAI', '', NULL, NULL, NULL),
	(295, '15755', 'ADNANY', 'NOURA', 'SPP', '', NULL, NULL, NULL),
	(296, '15675', 'MARKALIS', 'MUSTAPHA', 'SEL', '', NULL, NULL, NULL),
	(297, '15593', 'TAHTAOUI', 'ABDELLAH', 'DOH', '', NULL, NULL, NULL),
	(298, '15156', 'SGHIR', 'FATHALLAH', 'SGRID', '', NULL, NULL, NULL),
	(299, '15462', 'ZOUBAIRI', 'MUSTAPHA', 'SGRID', '', NULL, NULL, NULL),
	(300, '15217', 'MAKHLOUA', 'ABDELLATIF', 'SGRID', '', NULL, NULL, NULL),
	(301, '15655', 'AQEBLI', 'MUSTAPHA', 'DOH', '', NULL, NULL, NULL),
	(302, '15543', 'MORACHID', 'SI-MOHAMMED', 'CKELAA', '', NULL, NULL, NULL),
	(303, '15554', 'IMIH', 'ABDERRAHMAN', 'SPP', '', NULL, NULL, NULL),
	(304, '15258', 'BOUHAFA', 'ABDERRAHMAN', 'SPA', '', NULL, NULL, NULL),
	(305, '15401', 'MAKAN', 'EL MOSTAFA', 'SGRID', '', NULL, NULL, NULL),
	(306, '15536', 'BOUALLALA', 'KHALIFA', 'SPP', '', NULL, NULL, NULL),
	(307, '15728', 'BACHRA', 'KARIMA', 'SM', '', NULL, NULL, NULL),
	(308, '15221', 'RAOUGUI', 'ABDESSADEQ', 'SAF', '', NULL, NULL, NULL),
	(309, '15566', 'EL MAGUIRI', 'ABDELKARIM', 'CSI', '', NULL, NULL, NULL),
	(310, '15698', 'ERRAMI', 'MOHAMED', 'CSI', '', NULL, NULL, NULL),
	(311, '15288', 'EL AATIELLAH', 'OTMANE', 'SGRID', '', NULL, NULL, NULL),
	(312, '15740', 'ENNACHAOUI', 'EL HOUCEIN', 'SPA', '', NULL, NULL, NULL),
	(313, '15749', 'KABOUL', 'FATINE', 'SGRID', '', NULL, NULL, NULL),
	(314, '15738', 'AIT MESSAOUD', 'HAKIMA', 'GU', '', NULL, NULL, NULL),
	(315, '15737', 'AHZAB', 'BOUBKER', 'SPA', '', NULL, NULL, NULL),
	(316, '15466', 'NAJMI', 'EL HASSAN', 'SGRID', '', NULL, NULL, NULL),
	(317, '15326', 'ID-TALAB', 'MOHAMED', 'SPP', '', NULL, NULL, NULL),
	(318, '15141', 'RQUIQ', 'MUSTAPHA', 'SM', '', NULL, NULL, NULL),
	(319, '15507', 'EL YAMANI', 'HASSAN', 'SGRID', '', NULL, NULL, NULL),
	(320, '15467', 'JIAA', 'MOHAMED', 'SGRID', '', NULL, NULL, NULL),
	(321, '15495', 'AIT BENHIDA', 'ABDELLAH', 'SGRID', '', NULL, NULL, NULL),
	(322, '15378', 'OULED MBAREK', 'HAMID', 'SEL', '', NULL, NULL, NULL),
	(323, '15387', 'EL MOUSTAGHFIR', 'LAHCEN', 'SM', '', NULL, NULL, NULL),
	(324, '15686', 'MESSKINI', 'ALI', 'SGRID', '', NULL, NULL, NULL),
	(325, '15261', 'OUAGHAD', 'LAHCEN', 'SGRID', '', NULL, NULL, NULL),
	(326, '15210', 'MOUHSSINE', 'ABDELAZIZ', 'SGRID', '', NULL, NULL, NULL),
	(327, '15468', 'MAHDOUFI', 'ABDERRAHIM', 'SGRID', '', NULL, NULL, NULL),
	(328, '15574', 'EL BILALI', 'EL YAQUOUTE', 'CKELAA', '', NULL, NULL, NULL),
	(329, '15356', 'EL BADAOUI', 'MOHAMED', 'SGRID', '', NULL, NULL, NULL),
	(330, '15290', 'EL ATTAR', 'AHMED', 'SPP', '', NULL, NULL, NULL),
	(331, '15289', 'EL AMRI', 'RAHHAL', 'SGRID', '', NULL, NULL, NULL),
	(332, '15396', 'EL AAOUANI', 'ABDELMAJID', 'SGRID', '', NULL, NULL, NULL),
	(333, '15334', 'BOUHMID', 'KHALIFA', 'SGRID', '', NULL, NULL, NULL),
	(334, '15590', 'BENZAHRA', 'ABDERRAHMAN', 'SGRID', '', NULL, NULL, NULL),
	(335, '15612', 'EL YAZYD', 'HAMID', 'SGRID', '', NULL, NULL, NULL),
	(336, '15421', 'EL MEKKAOUI', 'ABDERRAHIM', 'SPA', '', NULL, NULL, NULL),
	(337, '15188', 'SOUJJAA', 'MOHAMED FADEL', 'SGRID', '', NULL, NULL, NULL),
	(338, '15432', 'NEDDAR', 'ABDELHAK', 'SGRID', '', NULL, NULL, NULL),
	(339, '15484', 'EZZAHRAOUI', 'EL MOSTAPHA', 'SGRID', '', NULL, NULL, NULL),
	(340, '15475', 'EL MOUTAOUAKKIL', 'ABDESLAM', 'SGRID', '', NULL, NULL, NULL),
	(341, '15271', 'BOUHALI', 'AHMED', 'SGRID', '', NULL, NULL, NULL),
	(342, '15164', 'ZERHOUNI', 'SAADIA', 'SGRID', '', NULL, NULL, NULL),
	(343, '15385', 'HAMOU', 'MALIKA AMAL', 'SGRID', '', NULL, NULL, NULL),
	(344, '15553', 'KHOUMITTA', 'ABDELMAJID', 'SGRID', '', NULL, NULL, NULL),
	(345, '15329', 'GOUDMANE', 'RACHID', 'SGRID', '', NULL, NULL, NULL),
	(346, '15422', 'LAHMIDI', 'ABDELKEBIR', 'SPA', '', NULL, NULL, NULL),
	(347, '15339', 'EL MAOUNI', 'MOHAMMED', 'SGRID', '', NULL, NULL, NULL),
	(348, '15500', 'SBAI', 'MY RACHID', 'SGRID', '', NULL, NULL, NULL),
	(349, '15416', 'MAOUKIL', 'MY LHASSAN', 'SM', '', NULL, NULL, NULL),
	(350, '15249', 'ZIALI', 'ABDELLATIF', 'SGRID', '', NULL, NULL, NULL),
	(351, '15363', 'ESSAMI', 'ABDEL-ALI', 'SEL', '', NULL, NULL, NULL),
	(352, '15598', 'KHACHIR', 'HAMID', 'SGRID', '', NULL, NULL, NULL),
	(353, '15511', 'LABROUMI', 'MOHAMED', 'SGRID', '', NULL, NULL, NULL),
	(354, '15128', 'SIGHROUCHNI', 'MIMOUN', 'SGRID', '', NULL, NULL, NULL),
	(355, '15461', 'LAHIA', 'ABDELKEBIR', 'SGRID', '', NULL, NULL, NULL),
	(356, '15513', 'MOUMNASSI', 'MOHAMED', 'SGRID', '', NULL, NULL, NULL),
	(357, '15032', 'TILIRINE', 'ABDELLAH', 'SEQ', '', NULL, NULL, NULL),
	(358, '15302', 'ROUGCHI', 'M\'BAREK', 'SEQ', '', NULL, NULL, NULL),
	(359, '14946', 'MOUTAOUAKKIL', 'MOHAMED', 'SEQ', '', NULL, NULL, NULL),
	(360, '15456', 'EL MOUSTANSIRI', 'TOUFIK', 'SEQ', '', NULL, NULL, NULL),
	(361, '15560', 'BENSAIDA', 'ABDELKEBIR', 'SM', '', NULL, NULL, NULL),
	(362, '15384', 'EL KAISSOUNI', 'AZIZA', 'TP', '', NULL, NULL, NULL),
	(363, '15442', 'NOURREDDINE', 'NAZHA', 'SEL', '', NULL, NULL, NULL),
	(364, '15485', 'LAKTATNI', 'NEZHA', 'SAF', '', NULL, NULL, NULL),
	(365, '15260', 'LITEM', 'FATIMA', 'SPA', '', NULL, NULL, NULL),
	(366, '15578', 'TAKSAOUI', 'RACHID', 'SAF', 'Licence', NULL, NULL, '2020-06-02 15:11:34'),
	(367, '15424', 'KABLAOUI', 'EL HABIB', 'SM', '', NULL, NULL, NULL),
	(368, '15354', 'NAIDY', 'ABDELAZIZ', 'SGRID', '', NULL, NULL, NULL),
	(369, '15476', 'MAHMICH', 'MOHAMED', 'SGRID', '', NULL, NULL, NULL),
	(370, '15426', 'KARMACH', 'MOHAMED', 'SGRID', '', NULL, NULL, NULL),
	(371, '15469', 'EL ATTAR', 'AZEDDINE', 'SGRID', '', NULL, NULL, NULL),
	(372, '15602', 'BOULFOUL', 'EL HASSAN', 'SGRID', '', NULL, NULL, NULL),
	(373, '15572', 'BOUIABBOU', 'ABDELLAH', 'SGRID', '', NULL, NULL, NULL),
	(374, '15548', 'BENDIYANE', 'ABDELHAKIM', 'SGRID', '', NULL, NULL, NULL),
	(375, '15208', 'AIT HOUSSA', 'FOUAD', 'SGRID', '', NULL, NULL, NULL),
	(376, '15600', 'AIT BOUZABBAR', 'SAAID', 'SGRID', '', NULL, NULL, NULL),
	(377, '15192', 'TAGLABOUT', 'GAHOUANA', 'SAF', '', NULL, NULL, NULL),
	(378, '15189', 'FOUDACHE', 'MALIKA', 'SAF', '', NULL, NULL, NULL),
	(379, '15489', 'FARHAT', 'LARABI', 'SAF', '', NULL, NULL, NULL),
	(380, '15085', 'EL IDRISSI', 'KHADIJA', 'SAF', '', NULL, NULL, NULL);
/*!40000 ALTER TABLE `agents` ENABLE KEYS */;

-- Listage de la structure de la table formapp. agent_formation
CREATE TABLE IF NOT EXISTS `agent_formation` (
  `id` bigint(20) unsigned NOT NULL AUTO_INCREMENT,
  `agent_id` bigint(20) unsigned NOT NULL,
  `formation_id` bigint(20) unsigned NOT NULL,
  `created_at` timestamp NULL DEFAULT NULL,
  `updated_at` timestamp NULL DEFAULT NULL,
  PRIMARY KEY (`id`)
) ENGINE=InnoDB AUTO_INCREMENT=188 DEFAULT CHARSET=utf8mb4 COLLATE=utf8mb4_unicode_ci;

-- Listage des données de la table formapp.agent_formation : ~177 rows (environ)
/*!40000 ALTER TABLE `agent_formation` DISABLE KEYS */;
INSERT INTO `agent_formation` (`id`, `agent_id`, `formation_id`, `created_at`, `updated_at`) VALUES
	(3, 66, 2, NULL, NULL),
	(4, 159, 2, NULL, NULL),
	(5, 159, 4, NULL, NULL),
	(6, 159, 5, NULL, NULL),
	(8, 165, 1, NULL, NULL),
	(9, 166, 1, NULL, NULL),
	(10, 46, 1, NULL, NULL),
	(11, 61, 1, NULL, NULL),
	(12, 180, 1, NULL, NULL),
	(13, 51, 1, NULL, NULL),
	(14, 275, 1, NULL, NULL),
	(15, 348, 1, NULL, NULL),
	(16, 121, 1, NULL, NULL),
	(17, 112, 1, NULL, NULL),
	(18, 261, 1, NULL, NULL),
	(19, 236, 1, NULL, NULL),
	(20, 258, 1, NULL, NULL),
	(21, 260, 1, NULL, NULL),
	(22, 200, 1, NULL, NULL),
	(23, 264, 1, NULL, NULL),
	(24, 207, 1, NULL, NULL),
	(25, 208, 1, NULL, NULL),
	(26, 106, 1, NULL, NULL),
	(27, 331, 1, NULL, NULL),
	(28, 201, 1, NULL, NULL),
	(29, 364, 2, NULL, NULL),
	(30, 280, 2, NULL, NULL),
	(31, 46, 2, NULL, NULL),
	(32, 20, 2, NULL, NULL),
	(33, 132, 2, NULL, NULL),
	(34, 379, 2, NULL, NULL),
	(35, 263, 2, NULL, NULL),
	(36, 325, 2, NULL, NULL),
	(37, 62, 3, NULL, NULL),
	(38, 163, 3, NULL, NULL),
	(39, 337, 3, NULL, NULL),
	(40, 201, 3, NULL, NULL),
	(41, 260, 3, NULL, NULL),
	(42, 236, 3, NULL, NULL),
	(43, 249, 3, NULL, NULL),
	(44, 119, 3, NULL, NULL),
	(45, 102, 3, NULL, NULL),
	(46, 366, 3, NULL, NULL),
	(47, 274, 3, NULL, NULL),
	(49, 143, 4, NULL, NULL),
	(50, 43, 4, NULL, NULL),
	(51, 80, 4, NULL, NULL),
	(52, 17, 4, NULL, NULL),
	(53, 274, 4, NULL, NULL),
	(54, 163, 4, NULL, NULL),
	(55, 167, 4, NULL, NULL),
	(56, 87, 4, NULL, NULL),
	(57, 249, 4, NULL, NULL),
	(59, 202, 4, NULL, NULL),
	(60, 200, 4, NULL, NULL),
	(61, 286, 4, NULL, NULL),
	(62, 304, 4, NULL, NULL),
	(63, 53, 4, NULL, NULL),
	(64, 88, 4, NULL, NULL),
	(65, 86, 4, NULL, NULL),
	(66, 305, 4, NULL, NULL),
	(67, 110, 4, NULL, NULL),
	(68, 119, 4, NULL, NULL),
	(69, 112, 4, NULL, NULL),
	(70, 366, 4, NULL, NULL),
	(71, 339, 4, NULL, NULL),
	(72, 201, 4, NULL, NULL),
	(73, 310, 4, NULL, NULL),
	(74, 204, 4, NULL, NULL),
	(75, 236, 4, NULL, NULL),
	(76, 260, 4, NULL, NULL),
	(77, 257, 4, NULL, NULL),
	(78, 207, 4, NULL, NULL),
	(79, 196, 4, NULL, NULL),
	(80, 149, 4, NULL, NULL),
	(81, 276, 4, NULL, NULL),
	(82, 33, 4, NULL, NULL),
	(83, 99, 6, NULL, NULL),
	(84, 160, 6, NULL, NULL),
	(85, 322, 6, NULL, NULL),
	(86, 162, 6, NULL, NULL),
	(87, 100, 6, NULL, NULL),
	(88, 56, 6, NULL, NULL),
	(89, 58, 6, NULL, NULL),
	(90, 108, 6, NULL, NULL),
	(91, 33, 6, NULL, NULL),
	(92, 168, 6, NULL, NULL),
	(93, 309, 6, NULL, NULL),
	(94, 144, 6, NULL, NULL),
	(95, 21, 6, NULL, NULL),
	(96, 31, 6, NULL, NULL),
	(97, 142, 6, NULL, NULL),
	(98, 323, 6, NULL, NULL),
	(99, 105, 6, NULL, NULL),
	(100, 66, 6, NULL, NULL),
	(101, 278, 6, NULL, NULL),
	(102, 86, 6, NULL, NULL),
	(103, 119, 6, NULL, NULL),
	(104, 206, 6, NULL, NULL),
	(105, 44, 6, NULL, NULL),
	(106, 148, 6, NULL, NULL),
	(107, 101, 6, NULL, NULL),
	(108, 349, 6, NULL, NULL),
	(109, 102, 6, NULL, NULL),
	(110, 62, 6, NULL, NULL),
	(111, 150, 6, NULL, NULL),
	(112, 156, 6, NULL, NULL),
	(113, 164, 6, NULL, NULL),
	(114, 73, 6, NULL, NULL),
	(119, 310, 6, NULL, NULL),
	(120, 37, 6, NULL, NULL),
	(121, 100, 5, NULL, NULL),
	(122, 110, 5, NULL, NULL),
	(123, 42, 5, NULL, NULL),
	(124, 71, 5, NULL, NULL),
	(125, 166, 5, NULL, NULL),
	(126, 112, 5, NULL, NULL),
	(127, 379, 5, NULL, NULL),
	(128, 364, 5, NULL, NULL),
	(129, 38, 5, NULL, NULL),
	(130, 263, 5, NULL, NULL),
	(131, 46, 5, NULL, NULL),
	(132, 165, 5, NULL, NULL),
	(133, 67, 5, NULL, NULL),
	(134, 304, 5, NULL, NULL),
	(135, 85, 5, NULL, NULL),
	(136, 187, 5, NULL, NULL),
	(137, 280, 5, NULL, NULL),
	(138, 100, 4, NULL, NULL),
	(139, 216, 1, NULL, NULL),
	(140, 242, 1, NULL, NULL),
	(141, 374, 1, NULL, NULL),
	(142, 321, 1, NULL, NULL),
	(143, 353, 1, NULL, NULL),
	(144, 304, 1, NULL, NULL),
	(145, 227, 1, NULL, NULL),
	(146, 312, 1, NULL, NULL),
	(147, 23, 1, NULL, NULL),
	(148, 300, 1, NULL, NULL),
	(149, 98, 1, NULL, NULL),
	(150, 20, 1, NULL, NULL),
	(151, 2, 1, NULL, NULL),
	(152, 248, 4, NULL, NULL),
	(153, 265, 4, NULL, NULL),
	(154, 48, 4, NULL, NULL),
	(155, 312, 4, NULL, NULL),
	(156, 23, 4, NULL, NULL),
	(157, 248, 28, NULL, NULL),
	(158, 304, 28, NULL, NULL),
	(159, 305, 28, NULL, NULL),
	(160, 167, 28, NULL, NULL),
	(161, 53, 28, NULL, NULL),
	(162, 265, 28, NULL, NULL),
	(163, 339, 28, NULL, NULL),
	(164, 163, 28, NULL, NULL),
	(165, 48, 28, NULL, NULL),
	(167, 23, 28, NULL, NULL),
	(168, 249, 28, NULL, NULL),
	(169, 93, 28, NULL, NULL),
	(170, 87, 28, NULL, NULL),
	(171, 263, 28, NULL, NULL),
	(172, 264, 28, NULL, NULL),
	(173, 236, 28, NULL, NULL),
	(174, 235, 28, NULL, NULL),
	(175, 260, 28, NULL, NULL),
	(176, 198, 28, NULL, NULL),
	(177, 257, 28, NULL, NULL),
	(178, 199, 28, NULL, NULL),
	(179, 208, 28, NULL, NULL),
	(180, 207, 28, NULL, NULL),
	(181, 201, 28, NULL, NULL),
	(182, 204, 28, NULL, NULL),
	(183, 229, 28, NULL, NULL),
	(184, 230, 28, NULL, NULL),
	(185, 218, 28, NULL, NULL),
	(186, 233, 28, NULL, NULL),
	(187, 237, 28, NULL, NULL),
	(188, 109, 9, NULL, NULL),
	(189, 125, 9, NULL, NULL),
	(190, 68, 9, NULL, NULL),
	(191, 160, 9, NULL, NULL),
	(192, 99, 9, NULL, NULL),
	(193, 323, 9, NULL, NULL);
/*!40000 ALTER TABLE `agent_formation` ENABLE KEYS */;

-- Listage de la structure de la table formapp. failed_jobs
CREATE TABLE IF NOT EXISTS `failed_jobs` (
  `id` bigint(20) unsigned NOT NULL AUTO_INCREMENT,
  `connection` text COLLATE utf8mb4_unicode_ci NOT NULL,
  `queue` text COLLATE utf8mb4_unicode_ci NOT NULL,
  `payload` longtext COLLATE utf8mb4_unicode_ci NOT NULL,
  `exception` longtext COLLATE utf8mb4_unicode_ci NOT NULL,
  `failed_at` timestamp NOT NULL DEFAULT CURRENT_TIMESTAMP,
  PRIMARY KEY (`id`)
) ENGINE=InnoDB DEFAULT CHARSET=utf8mb4 COLLATE=utf8mb4_unicode_ci;

-- Listage des données de la table formapp.failed_jobs : ~0 rows (environ)
/*!40000 ALTER TABLE `failed_jobs` DISABLE KEYS */;
/*!40000 ALTER TABLE `failed_jobs` ENABLE KEYS */;

-- Listage de la structure de la table formapp. formations
CREATE TABLE IF NOT EXISTS `formations` (
  `id` bigint(20) unsigned NOT NULL AUTO_INCREMENT,
  `intitule` varchar(255) COLLATE utf8mb4_unicode_ci NOT NULL,
  `debut` date NOT NULL,
  `fin` date NOT NULL,
  `observation` text COLLATE utf8mb4_unicode_ci,
  `created_at` timestamp NULL DEFAULT NULL,
  `updated_at` timestamp NULL DEFAULT NULL,
  PRIMARY KEY (`id`)
) ENGINE=InnoDB AUTO_INCREMENT=29 DEFAULT CHARSET=utf8mb4 COLLATE=utf8mb4_unicode_ci;

-- Listage des données de la table formapp.formations : ~28 rows (environ)
/*!40000 ALTER TABLE `formations` DISABLE KEYS */;
INSERT INTO `formations` (`id`, `intitule`, `debut`, `fin`, `observation`, `created_at`, `updated_at`) VALUES
	(1, 'Informatique Perfectionnement des outils :\r\n Excel –  Word et Power Point', '2015-12-22', '2015-12-26', NULL, '2020-06-02 11:01:48', '2020-06-02 12:21:24'),
	(2, 'Informatique SGBD : Access et Visual Basic', '2015-12-22', '2015-12-26', NULL, '2020-06-02 11:01:48', '2020-06-02 12:21:50'),
	(3, 'Maintenance informatique', '2015-12-22', '2015-12-26', NULL, '2020-06-02 11:01:48', '2020-06-02 12:20:16'),
	(4, 'Rédaction administrative', '2016-03-07', '2016-03-10', NULL, '2020-06-02 11:01:48', '2020-06-02 12:49:17'),
	(5, 'Développement personnel', '2016-12-26', '2016-12-29', NULL, '2020-06-02 11:01:48', '2020-06-02 15:40:22'),
	(6, 'Marchés Publics : Procédures de passation,\r\n de gestion et de contrôle  des marchés publics', '2016-12-26', '2016-12-28', NULL, '2020-06-02 11:01:48', '2020-06-02 15:38:48'),
	(7, 'Atelier de formation consacré à des travaux pratiques et à des études de cas, à la lumière d\'une année d\'exercice du nouveau CCAGT et du dispositif réglementaire régissant les marchés publics.', '0000-00-00', '0000-00-00', NULL, '2020-06-02 11:01:48', NULL),
	(8, 'L\'inventaire physique au sein d\'une société : cas spécifique sociétés agricoles.', '0000-00-00', '0000-00-00', NULL, '2020-06-02 11:01:48', NULL),
	(9, 'Responsabilité de l\'Ordonnateur.', '2017-12-18', '2017-12-20', NULL, '2020-06-02 11:01:48', '2020-06-03 12:54:35'),
	(10, 'Concertation sociale et dialoque social.', '2017-12-25', '2017-12-27', NULL, '2020-06-02 11:01:48', '2020-06-03 12:49:35'),
	(11, 'Perfectionnement des outils : Word - Excel - Power Point- Messagerie et courrier électronique', '0000-00-00', '0000-00-00', NULL, '2020-06-02 11:01:48', NULL),
	(12, ' Formation SQL Server : Programmation SQL', '0000-00-00', '0000-00-00', NULL, '2020-06-02 11:01:48', NULL),
	(13, ' Formation SQL Server : Administration, ver. 2008-2016', '0000-00-00', '0000-00-00', NULL, '2020-06-02 11:01:48', NULL),
	(14, ' Formation : JavaScript, HTML dynamique', '0000-00-00', '0000-00-00', NULL, '2020-06-02 11:01:48', NULL),
	(15, ' Informatique Bureautique - Perfectionnement : Word - Excel - Power Point- Messagerie et courrier électronique', '0000-00-00', '0000-00-00', NULL, '2020-06-02 11:01:48', NULL),
	(16, 'Rédaction administrative et analyse de rapports', '0000-00-00', '0000-00-00', NULL, '2020-06-02 11:01:48', NULL),
	(17, 'Techniques de communication et Développement personnel ', '0000-00-00', '0000-00-00', NULL, '2020-06-02 11:01:48', NULL),
	(18, 'مسـطرة نزع الملكيـة و الاحتلال المؤقت و الملك العمومي  ومسطرة التحفيظ العقاري', '2018-12-17', '2018-12-19', NULL, '2020-06-02 11:01:48', '2020-06-02 11:01:48'),
	(19, 'Gestion des marchés publics ', '0000-00-00', '0000-00-00', NULL, '2020-06-02 11:01:48', NULL),
	(20, 'Management d’équipe    ', '0000-00-00', '0000-00-00', NULL, '2020-06-02 11:01:48', NULL),
	(21, 'Audit et Système de mangement de qualité norme ISO 9001 et 2015', '0000-00-00', '0000-00-00', NULL, '2020-06-02 11:01:48', NULL),
	(22, 'Audit interne et Contrôle ', '0000-00-00', '0000-00-00', NULL, '2020-06-02 11:01:48', NULL),
	(23, 'Management d\'équipe', '0000-00-00', '0000-00-00', NULL, '2020-06-02 11:01:48', NULL),
	(24, 'Management des projets', '0000-00-00', '0000-00-00', NULL, '2020-06-02 11:01:48', NULL),
	(25, 'Gestion des marchés Publics ', '0000-00-00', '0000-00-00', NULL, '2020-06-02 11:01:48', NULL),
	(26, 'Régle de la rédaction administrative en arabe et en français', '0000-00-00', '0000-00-00', NULL, '2020-06-02 11:01:48', NULL),
	(27, 'Technique de Communication et développement personnel', '0000-00-00', '0000-00-00', NULL, '2020-06-02 11:01:48', NULL),
	(28, 'Gestion des relations clients et des conflits', '2018-02-22', '2018-02-23', NULL, '2020-06-02 16:20:50', '2020-06-02 16:20:50');
/*!40000 ALTER TABLE `formations` ENABLE KEYS */;

-- Listage de la structure de la table formapp. migrations
CREATE TABLE IF NOT EXISTS `migrations` (
  `id` int(10) unsigned NOT NULL AUTO_INCREMENT,
  `migration` varchar(255) COLLATE utf8mb4_unicode_ci NOT NULL,
  `batch` int(11) NOT NULL,
  PRIMARY KEY (`id`)
) ENGINE=InnoDB AUTO_INCREMENT=9 DEFAULT CHARSET=utf8mb4 COLLATE=utf8mb4_unicode_ci;

-- Listage des données de la table formapp.migrations : ~6 rows (environ)
/*!40000 ALTER TABLE `migrations` DISABLE KEYS */;
INSERT INTO `migrations` (`id`, `migration`, `batch`) VALUES
	(1, '2014_10_12_000000_create_users_table', 1),
	(2, '2014_10_12_100000_create_password_resets_table', 1),
	(3, '2019_08_19_000000_create_failed_jobs_table', 1),
	(6, '2020_05_28_171413_create_agent_formation_table', 1),
	(7, '2020_05_27_123017_create_formations_table', 2),
	(8, '2020_05_27_123037_create_agents_table', 3);
/*!40000 ALTER TABLE `migrations` ENABLE KEYS */;

-- Listage de la structure de la table formapp. password_resets
CREATE TABLE IF NOT EXISTS `password_resets` (
  `email` varchar(255) COLLATE utf8mb4_unicode_ci NOT NULL,
  `token` varchar(255) COLLATE utf8mb4_unicode_ci NOT NULL,
  `created_at` timestamp NULL DEFAULT NULL,
  KEY `password_resets_email_index` (`email`)
) ENGINE=InnoDB DEFAULT CHARSET=utf8mb4 COLLATE=utf8mb4_unicode_ci;

-- Listage des données de la table formapp.password_resets : ~0 rows (environ)
/*!40000 ALTER TABLE `password_resets` DISABLE KEYS */;
/*!40000 ALTER TABLE `password_resets` ENABLE KEYS */;

-- Listage de la structure de la table formapp. users
CREATE TABLE IF NOT EXISTS `users` (
  `id` bigint(20) unsigned NOT NULL AUTO_INCREMENT,
  `name` varchar(255) COLLATE utf8mb4_unicode_ci NOT NULL,
  `email` varchar(255) COLLATE utf8mb4_unicode_ci NOT NULL,
  `email_verified_at` timestamp NULL DEFAULT NULL,
  `password` varchar(255) COLLATE utf8mb4_unicode_ci NOT NULL,
  `remember_token` varchar(100) COLLATE utf8mb4_unicode_ci DEFAULT NULL,
  `created_at` timestamp NULL DEFAULT NULL,
  `updated_at` timestamp NULL DEFAULT NULL,
  PRIMARY KEY (`id`),
  UNIQUE KEY `users_email_unique` (`email`)
) ENGINE=InnoDB AUTO_INCREMENT=2 DEFAULT CHARSET=utf8mb4 COLLATE=utf8mb4_unicode_ci;

-- Listage des données de la table formapp.users : ~1 rows (environ)
/*!40000 ALTER TABLE `users` DISABLE KEYS */;
INSERT INTO `users` (`id`, `name`, `email`, `email_verified_at`, `password`, `remember_token`, `created_at`, `updated_at`) VALUES
	(1, 'Redouane', 'red@red.com', NULL, '$2y$10$8LBxYAkZFZbxmSjzVN07Te16DbynXGmA1.iewLJcaEeUNQSFApkD2', NULL, NULL, NULL);
/*!40000 ALTER TABLE `users` ENABLE KEYS */;

/*!40101 SET SQL_MODE=IFNULL(@OLD_SQL_MODE, '') */;
/*!40014 SET FOREIGN_KEY_CHECKS=IF(@OLD_FOREIGN_KEY_CHECKS IS NULL, 1, @OLD_FOREIGN_KEY_CHECKS) */;
/*!40101 SET CHARACTER_SET_CLIENT=@OLD_CHARACTER_SET_CLIENT */;
